-- phpMyAdmin SQL Dump
-- version 4.5.1
-- http://www.phpmyadmin.net
--
-- Host: 127.0.0.1
-- Generation Time: Jul 12, 2017 at 01:39 AM
-- Server version: 10.1.19-MariaDB
-- PHP Version: 5.6.28

SET SQL_MODE = "NO_AUTO_VALUE_ON_ZERO";
SET time_zone = "+00:00";


/*!40101 SET @OLD_CHARACTER_SET_CLIENT=@@CHARACTER_SET_CLIENT */;
/*!40101 SET @OLD_CHARACTER_SET_RESULTS=@@CHARACTER_SET_RESULTS */;
/*!40101 SET @OLD_COLLATION_CONNECTION=@@COLLATION_CONNECTION */;
/*!40101 SET NAMES utf8mb4 */;

--
-- Database: `rekam_medis`
--
CREATE DATABASE IF NOT EXISTS `rekam_medis` DEFAULT CHARACTER SET latin1 COLLATE latin1_swedish_ci;
USE `rekam_medis`;

-- --------------------------------------------------------

--
-- Table structure for table `ci_sessions`
--
-- Creation: May 11, 2017 at 04:42 PM
--

DROP TABLE IF EXISTS `ci_sessions`;
CREATE TABLE `ci_sessions` (
  `id` varchar(40) NOT NULL,
  `ip_address` varchar(45) NOT NULL,
  `timestamp` int(10) UNSIGNED NOT NULL,
  `data` blob NOT NULL
) ENGINE=InnoDB DEFAULT CHARSET=latin1;

--
-- RELATIONS FOR TABLE `ci_sessions`:
--

--
-- Dumping data for table `ci_sessions`
--

INSERT INTO `ci_sessions` (`id`, `ip_address`, `timestamp`, `data`) VALUES
('8f350a6ac2048798a0ba8cb0e9d598172b6ab075', '::1', 1495947132, 0x5f5f63695f6c6173745f726567656e65726174657c693a313439353934373037383b6b72797c733a313a2231223b6c6f676765645f696e7c623a313b646f6b7465727c733a353a2247472d3031223b6c6f67646f6b7465727c623a313b),
('1c29e58325263d77db5ec3fc38199eba5558d72c', '::1', 1495947637, 0x5f5f63695f6c6173745f726567656e65726174657c693a313439353934373439313b6b72797c733a313a2231223b6c6f676765645f696e7c623a313b646f6b7465727c733a353a2247472d3031223b6c6f67646f6b7465727c623a313b),
('55c1cecb40d9180df94b1d91e0e13165931632e0', '::1', 1495948151, 0x5f5f63695f6c6173745f726567656e65726174657c693a313439353934373932373b6b72797c733a313a2231223b6c6f676765645f696e7c623a313b646f6b7465727c733a353a2247472d3031223b6c6f67646f6b7465727c623a313b),
('8b485a2cba3490c691c7ea5f945aedfcdb98b263', '::1', 1495948433, 0x5f5f63695f6c6173745f726567656e65726174657c693a313439353934383431373b6b72797c733a313a2231223b6c6f676765645f696e7c623a313b646f6b7465727c733a353a2247472d3031223b6c6f67646f6b7465727c623a313b),
('fcd1ceebcf100b65458b152802b3c347924b4285', '::1', 1495950772, 0x5f5f63695f6c6173745f726567656e65726174657c693a313439353935303438373b6b72797c733a313a2231223b6c6f676765645f696e7c623a313b646f6b7465727c733a353a2247472d3031223b6c6f67646f6b7465727c623a313b),
('ce77b8da88870d13df712f2ad4d4ee9759c9d8b9', '::1', 1495950920, 0x5f5f63695f6c6173745f726567656e65726174657c693a313439353935303832393b6b72797c733a313a2231223b6c6f676765645f696e7c623a313b646f6b7465727c733a353a2247472d3031223b6c6f67646f6b7465727c623a313b),
('2c172577508e4d5500e1540be158f79b8e2fc124', '::1', 1495951498, 0x5f5f63695f6c6173745f726567656e65726174657c693a313439353935313237343b6b72797c733a313a2231223b6c6f676765645f696e7c623a313b646f6b7465727c733a353a2247472d3031223b6c6f67646f6b7465727c623a313b),
('4a8ae76123771b72106f810323b194c13735f3c2', '::1', 1495951831, 0x5f5f63695f6c6173745f726567656e65726174657c693a313439353935313634363b6b72797c733a313a2231223b6c6f676765645f696e7c623a313b646f6b7465727c733a353a2247472d3031223b6c6f67646f6b7465727c623a313b),
('2c3a6bd7b5b596bd657a3179e5a1874bf8a0bd69', '::1', 1495952302, 0x5f5f63695f6c6173745f726567656e65726174657c693a313439353935323030383b6b72797c733a313a2231223b6c6f676765645f696e7c623a313b646f6b7465727c733a353a2247472d3031223b6c6f67646f6b7465727c623a313b),
('d8d5601e617a39bfa13ca1a4440bfa2e7c008140', '::1', 1495952600, 0x5f5f63695f6c6173745f726567656e65726174657c693a313439353935323436383b6b72797c733a313a2231223b6c6f676765645f696e7c623a313b646f6b7465727c733a353a2247472d3031223b6c6f67646f6b7465727c623a313b),
('dfb0cf9e088e35ce49cd1187043a9f663be9a3ef', '::1', 1495952948, 0x5f5f63695f6c6173745f726567656e65726174657c693a313439353935323737323b6b72797c733a313a2231223b6c6f676765645f696e7c623a313b646f6b7465727c733a353a2247472d3031223b6c6f67646f6b7465727c623a313b),
('d0efb6973a1489cacbd64780ed359192131a3c97', '::1', 1495953194, 0x5f5f63695f6c6173745f726567656e65726174657c693a313439353935333139343b6b72797c733a313a2231223b6c6f676765645f696e7c623a313b646f6b7465727c733a353a2247472d3031223b6c6f67646f6b7465727c623a313b),
('5465b93edbf345685110bd6afe99f94463111712', '::1', 1495953834, 0x5f5f63695f6c6173745f726567656e65726174657c693a313439353935333536333b6b72797c733a313a2231223b6c6f676765645f696e7c623a313b646f6b7465727c733a353a2247472d3031223b6c6f67646f6b7465727c623a313b),
('0099a8d2c939c44321c2450508284091cd552182', '::1', 1495954058, 0x5f5f63695f6c6173745f726567656e65726174657c693a313439353935333930303b6b72797c733a313a2231223b6c6f676765645f696e7c623a313b646f6b7465727c733a353a2247472d3031223b6c6f67646f6b7465727c623a313b),
('a5cf362770309efd5339f2fd122186bd5bce1035', '::1', 1495959388, 0x5f5f63695f6c6173745f726567656e65726174657c693a313439353935393134333b6b72797c733a313a2231223b6c6f676765645f696e7c623a313b646f6b7465727c733a353a2247472d3031223b6c6f67646f6b7465727c623a313b),
('7e92e1f89589f2423ca9c0149c6e4c21a1f707e2', '::1', 1495959889, 0x5f5f63695f6c6173745f726567656e65726174657c693a313439353935393539383b6b72797c733a313a2231223b6c6f676765645f696e7c623a313b646f6b7465727c733a353a2247472d3031223b6c6f67646f6b7465727c623a313b),
('bb002bfcaff295403626d96c0fb2dd12989de05f', '::1', 1495960236, 0x5f5f63695f6c6173745f726567656e65726174657c693a313439353935393934383b6b72797c733a313a2231223b6c6f676765645f696e7c623a313b646f6b7465727c733a353a2247472d3031223b6c6f67646f6b7465727c623a313b),
('274724b05aca6a7f74cc086338d604b467535c77', '::1', 1495960457, 0x5f5f63695f6c6173745f726567656e65726174657c693a313439353936303235383b6b72797c733a313a2231223b6c6f676765645f696e7c623a313b646f6b7465727c733a353a2247472d3031223b6c6f67646f6b7465727c623a313b),
('4720065742b65c6c5680d93a10f8031207a4a0f8', '::1', 1495960827, 0x5f5f63695f6c6173745f726567656e65726174657c693a313439353936303633373b6b72797c733a313a2231223b6c6f676765645f696e7c623a313b646f6b7465727c733a353a2247472d3031223b6c6f67646f6b7465727c623a313b),
('95bf768fc0784fcb5eb9c4be61268dc05e6a9625', '::1', 1495961305, 0x5f5f63695f6c6173745f726567656e65726174657c693a313439353936313031393b6b72797c733a313a2231223b6c6f676765645f696e7c623a313b646f6b7465727c733a353a2247472d3031223b6c6f67646f6b7465727c623a313b),
('c350a68178531a15523d57d76c353d9924f76fba', '::1', 1495961630, 0x5f5f63695f6c6173745f726567656e65726174657c693a313439353936313334313b6b72797c733a313a2231223b6c6f676765645f696e7c623a313b646f6b7465727c733a353a2247472d3031223b6c6f67646f6b7465727c623a313b),
('1a79a9fd83daaf8c96aed7c2132bc14fc3d30246', '::1', 1495961994, 0x5f5f63695f6c6173745f726567656e65726174657c693a313439353936313731363b6b72797c733a313a2231223b6c6f676765645f696e7c623a313b646f6b7465727c733a353a2247472d3031223b6c6f67646f6b7465727c623a313b),
('f4ca2265162dcf7dd1dce6f3f014bdfb13f025f1', '::1', 1495962250, 0x5f5f63695f6c6173745f726567656e65726174657c693a313439353936323031393b6b72797c733a313a2231223b6c6f676765645f696e7c623a313b646f6b7465727c733a353a2247472d3031223b6c6f67646f6b7465727c623a313b),
('7e952221219058ff29ac54bccfa72436df522496', '::1', 1495962382, 0x5f5f63695f6c6173745f726567656e65726174657c693a313439353936323338323b6b72797c733a313a2231223b6c6f676765645f696e7c623a313b646f6b7465727c733a353a2247472d3031223b6c6f67646f6b7465727c623a313b),
('01bf75e04faebcf13a8a6818680bedb2ab73e16b', '::1', 1495980103, 0x5f5f63695f6c6173745f726567656e65726174657c693a313439353937393837303b6b72797c733a313a2231223b6c6f676765645f696e7c623a313b646f6b7465727c733a353a2247472d3031223b6c6f67646f6b7465727c623a313b),
('95e8e7ccc6a88385ac6c6441930bc3435a9cf6b5', '::1', 1495980470, 0x5f5f63695f6c6173745f726567656e65726174657c693a313439353938303137383b6b72797c733a313a2231223b6c6f676765645f696e7c623a313b646f6b7465727c733a353a2247472d3031223b6c6f67646f6b7465727c623a313b),
('0e8343d7c60802a8ec790eed45d0fe72f502bd19', '::1', 1495980640, 0x5f5f63695f6c6173745f726567656e65726174657c693a313439353938303535313b6b72797c733a313a2231223b6c6f676765645f696e7c623a313b646f6b7465727c733a353a2247472d3031223b6c6f67646f6b7465727c623a313b),
('7507124f1b97f0158f39b2ea5fb48a27889f392d', '::1', 1495984191, 0x5f5f63695f6c6173745f726567656e65726174657c693a313439353938333932343b6b72797c733a313a2231223b6c6f676765645f696e7c623a313b646f6b7465727c733a353a2247472d3031223b6c6f67646f6b7465727c623a313b),
('06ff2f451480d7b5fca859b190d6cf18514bb4d8', '::1', 1495984745, 0x5f5f63695f6c6173745f726567656e65726174657c693a313439353938343437393b6b72797c733a313a2231223b6c6f676765645f696e7c623a313b646f6b7465727c733a353a2247472d3031223b6c6f67646f6b7465727c623a313b),
('579ee68d8fc37b9bc6840f01410d7c63971a1c6d', '::1', 1495985090, 0x5f5f63695f6c6173745f726567656e65726174657c693a313439353938343833393b6b72797c733a313a2231223b6c6f676765645f696e7c623a313b646f6b7465727c733a353a2247472d3031223b6c6f67646f6b7465727c623a313b),
('f1a705b5e82e4ace93329e18e37583e7f6ee3de1', '::1', 1495985678, 0x5f5f63695f6c6173745f726567656e65726174657c693a313439353938353339383b6b72797c733a313a2231223b6c6f676765645f696e7c623a313b),
('8d4e4d3f41c584eb8ecefa1aa589ef1f162fad55', '::1', 1495985792, 0x5f5f63695f6c6173745f726567656e65726174657c693a313439353938353734363b6b72797c733a313a2231223b6c6f676765645f696e7c623a313b646f6b7465727c733a353a2247472d3031223b6c6f67646f6b7465727c623a313b),
('3eb0a53b033de3dcf27c4067dfb60a62c1025cbd', '::1', 1496009495, 0x5f5f63695f6c6173745f726567656e65726174657c693a313439363030393438343b6b72797c733a313a2231223b6c6f676765645f696e7c623a313b),
('e4e807d5c83c540c809f442a92066ca50de4c4ea', '::1', 1496010062, 0x5f5f63695f6c6173745f726567656e65726174657c693a313439363030393831333b6b72797c733a313a2231223b6c6f676765645f696e7c623a313b),
('5822fd1036e91303751ec64e9ee59f0ec7382168', '::1', 1496010236, 0x5f5f63695f6c6173745f726567656e65726174657c693a313439363031303133333b6b72797c733a313a2231223b6c6f676765645f696e7c623a313b),
('f2f5298e703393d327b4c4c3829a67de4e09e598', '::1', 1496027552, 0x5f5f63695f6c6173745f726567656e65726174657c693a313439363032373530313b6b72797c733a313a2231223b6c6f676765645f696e7c623a313b646f6b7465727c733a353a2247472d3031223b6c6f67646f6b7465727c623a313b),
('b24163f1d6f08c747606dbcb386d41cb9ea7d004', '::1', 1496028148, 0x5f5f63695f6c6173745f726567656e65726174657c693a313439363032373933343b6b72797c733a313a2231223b6c6f676765645f696e7c623a313b646f6b7465727c733a353a2247472d3031223b6c6f67646f6b7465727c623a313b),
('532efd0051a4eb670c8103596f102573e517aac9', '::1', 1496028708, 0x5f5f63695f6c6173745f726567656e65726174657c693a313439363032383530313b6b72797c733a313a2231223b6c6f676765645f696e7c623a313b646f6b7465727c733a353a2247472d3031223b6c6f67646f6b7465727c623a313b),
('e30428a30493c5294b8ad08c84043fa295987380', '::1', 1496029440, 0x5f5f63695f6c6173745f726567656e65726174657c693a313439363032393335393b6b72797c733a313a2231223b6c6f676765645f696e7c623a313b646f6b7465727c733a353a2247472d3031223b6c6f67646f6b7465727c623a313b),
('c1f7e79804f990b619a44f3f38916491897374f1', '::1', 1496029979, 0x5f5f63695f6c6173745f726567656e65726174657c693a313439363032393738303b6b72797c733a313a2231223b6c6f676765645f696e7c623a313b646f6b7465727c733a353a2247472d3031223b6c6f67646f6b7465727c623a313b),
('decdcacc5f5a7eb1e19f76be785f08e54e15072d', '::1', 1496030483, 0x5f5f63695f6c6173745f726567656e65726174657c693a313439363033303231323b6b72797c733a313a2231223b6c6f676765645f696e7c623a313b646f6b7465727c733a353a2247472d3031223b6c6f67646f6b7465727c623a313b),
('ef9eb9f6558773c1700008d8ecb2428edd5a9ab7', '::1', 1496030640, 0x5f5f63695f6c6173745f726567656e65726174657c693a313439363033303633383b6b72797c733a313a2231223b6c6f676765645f696e7c623a313b646f6b7465727c733a353a2247472d3031223b6c6f67646f6b7465727c623a313b),
('16e263023642b34dd4785d2bf9f1c8e47b22a004', '::1', 1496134976, 0x5f5f63695f6c6173745f726567656e65726174657c693a313439363133343934313b6b72797c733a313a2231223b6c6f676765645f696e7c623a313b),
('9501332298ac64a2a60e7f408564bd9cfe0a5664', '::1', 1496198052, 0x5f5f63695f6c6173745f726567656e65726174657c693a313439363139383034353b6b72797c733a313a2231223b6c6f676765645f696e7c623a313b),
('0d27acd29b93f09ee87f05afaa13f7f26ef59b2a', '::1', 1496199793, 0x5f5f63695f6c6173745f726567656e65726174657c693a313439363139393530343b6b72797c733a313a2231223b6c6f676765645f696e7c623a313b),
('e195d29ea7d8dad291567c39945286a973814080', '::1', 1496200778, 0x5f5f63695f6c6173745f726567656e65726174657c693a313439363230303632323b6b72797c733a313a2231223b6c6f676765645f696e7c623a313b),
('3c278f1cc7aa8b3a0fc162bc727a52cdea04d4d7', '::1', 1496202468, 0x5f5f63695f6c6173745f726567656e65726174657c693a313439363230323237313b6b72797c733a313a2231223b6c6f676765645f696e7c623a313b),
('a092d5f656d68d05ace623c2b0c92db794b2feb1', '::1', 1496203268, 0x5f5f63695f6c6173745f726567656e65726174657c693a313439363230333135383b6b72797c733a313a2231223b6c6f676765645f696e7c623a313b),
('fb9cac8b7e6b516c167810d61c3a62627388a2c3', '::1', 1496204048, 0x5f5f63695f6c6173745f726567656e65726174657c693a313439363230343034343b6b72797c733a313a2231223b6c6f676765645f696e7c623a313b),
('751fee38d2e23809fd6fb7417c2fba9e12b8e298', '::1', 1496205128, 0x5f5f63695f6c6173745f726567656e65726174657c693a313439363230353132383b6b72797c733a313a2231223b6c6f676765645f696e7c623a313b),
('97e7bafdefc574a0122e6dbcf093f859f2fc77e2', '::1', 1496205898, 0x5f5f63695f6c6173745f726567656e65726174657c693a313439363230353639373b6b72797c733a313a2231223b6c6f676765645f696e7c623a313b),
('a6323f0cffdf23aa81ad2d9f6721e44b7df305c5', '::1', 1496206020, 0x5f5f63695f6c6173745f726567656e65726174657c693a313439363230363032303b6b72797c733a313a2231223b6c6f676765645f696e7c623a313b),
('0be1d0291d0bbb8d6b2d04153be40bfceb4378d9', '::1', 1496206593, 0x5f5f63695f6c6173745f726567656e65726174657c693a313439363230363334333b6b72797c733a313a2231223b6c6f676765645f696e7c623a313b646f6b7465727c733a353a2247472d3031223b6c6f67646f6b7465727c623a313b),
('0b05ae0e352b655fd24eac4de33f4fc02ec7c958', '::1', 1496206740, 0x5f5f63695f6c6173745f726567656e65726174657c693a313439363230363733343b6b72797c733a313a2231223b6c6f676765645f696e7c623a313b646f6b7465727c733a353a2247472d3031223b6c6f67646f6b7465727c623a313b),
('02ad49067b139eb94863f707e6bba5b89a6d7d7e', '::1', 1496207296, 0x5f5f63695f6c6173745f726567656e65726174657c693a313439363230373239363b6b72797c733a313a2231223b6c6f676765645f696e7c623a313b646f6b7465727c733a353a2247472d3031223b6c6f67646f6b7465727c623a313b),
('0a542125fdf9c8cfee94b2afa461f556a28c33d5', '::1', 1496211991, 0x5f5f63695f6c6173745f726567656e65726174657c693a313439363231313939313b6b72797c733a313a2231223b6c6f676765645f696e7c623a313b646f6b7465727c733a353a2247472d3031223b6c6f67646f6b7465727c623a313b),
('6cf4edd9626ce1bcf100ac5f4da30722f421280b', '::1', 1496222670, 0x5f5f63695f6c6173745f726567656e65726174657c693a313439363232323635383b6b72797c733a313a2231223b6c6f676765645f696e7c623a313b),
('865f48dd824aaadc8b881d80f027f9fe8512c10d', '::1', 1496253250, 0x5f5f63695f6c6173745f726567656e65726174657c693a313439363235333232373b6b72797c733a313a2231223b6c6f676765645f696e7c623a313b646f6b7465727c733a353a2247472d3031223b6c6f67646f6b7465727c623a313b),
('bdbbfbe5af431f2bb53cbd702c158c52e85bef35', '::1', 1496253686, 0x5f5f63695f6c6173745f726567656e65726174657c693a313439363235333638353b6b72797c733a313a2231223b6c6f676765645f696e7c623a313b646f6b7465727c733a353a2247472d3031223b6c6f67646f6b7465727c623a313b),
('060565f0386378e356ab6f31f87844694b5aa477', '::1', 1496257337, 0x5f5f63695f6c6173745f726567656e65726174657c693a313439363235373333373b6b72797c733a313a2231223b6c6f676765645f696e7c623a313b646f6b7465727c733a353a2247472d3031223b6c6f67646f6b7465727c623a313b),
('9bdc2d5b4f3c58d60d3d8abb5bcdb5c5ae5c0239', '::1', 1496258764, 0x5f5f63695f6c6173745f726567656e65726174657c693a313439363235383736323b6b72797c733a313a2231223b6c6f676765645f696e7c623a313b646f6b7465727c733a353a2247472d3031223b6c6f67646f6b7465727c623a313b),
('658b622705fa57a8f422ba30a324df9272f98780', '::1', 1496260885, 0x5f5f63695f6c6173745f726567656e65726174657c693a313439363236303838353b6b72797c733a313a2231223b6c6f676765645f696e7c623a313b646f6b7465727c733a353a2247472d3031223b6c6f67646f6b7465727c623a313b),
('681ba708c2b71b668f8d40a517e484480ffebd69', '::1', 1496261680, 0x5f5f63695f6c6173745f726567656e65726174657c693a313439363236313638303b6b72797c733a313a2231223b6c6f676765645f696e7c623a313b646f6b7465727c733a353a2247472d3031223b6c6f67646f6b7465727c623a313b),
('ec9016c36a7929658ef3434db62532df6ada3595', '::1', 1496264947, 0x5f5f63695f6c6173745f726567656e65726174657c693a313439363236343837333b6b72797c733a313a2231223b6c6f676765645f696e7c623a313b),
('d3295000d6a66faa3d7a75e806cd6e43c0f6a8ac', '::1', 1496267981, 0x5f5f63695f6c6173745f726567656e65726174657c693a313439363236373930363b6b72797c733a313a2231223b6c6f676765645f696e7c623a313b),
('7ee8e8fa0ff2bc1f6f4f898e242d2f5e3a0b5979', '::1', 1496285801, 0x5f5f63695f6c6173745f726567656e65726174657c693a313439363238353739343b6b72797c733a313a2231223b6c6f676765645f696e7c623a313b),
('537a47ae744cb60d3b352eb89523666d0755e0cb', '::1', 1496286237, 0x5f5f63695f6c6173745f726567656e65726174657c693a313439363238363133313b6b72797c733a313a2231223b6c6f676765645f696e7c623a313b),
('72baa9eaaa1ccb970603da56200c5a6e18c4cd14', '::1', 1496290994, 0x5f5f63695f6c6173745f726567656e65726174657c693a313439363239303739313b6b72797c733a313a2231223b6c6f676765645f696e7c623a313b646f6b7465727c733a353a2247472d3031223b6c6f67646f6b7465727c623a313b),
('23d74231e38c7ecc2d88f753c9e9a857f9062c6f', '::1', 1496409703, 0x5f5f63695f6c6173745f726567656e65726174657c693a313439363430393639373b6b72797c733a313a2231223b6c6f676765645f696e7c623a313b),
('e07840ff82ba538e09fa00baada940de9c33a7bb', '::1', 1496500323, 0x5f5f63695f6c6173745f726567656e65726174657c693a313439363530303331323b646f6b7465727c733a353a2247472d3031223b6c6f67646f6b7465727c623a313b),
('3d26f98e746fa654453f85cd63920c7325d829f5', '::1', 1496505384, 0x5f5f63695f6c6173745f726567656e65726174657c693a313439363530353337373b646f6b7465727c733a353a2247472d3031223b6c6f67646f6b7465727c623a313b6b72797c733a313a2231223b6c6f676765645f696e7c623a313b),
('f53de96df461a9fdd8331ad87b27fd68104b9f28', '::1', 1496520214, 0x5f5f63695f6c6173745f726567656e65726174657c693a313439363532303139393b6b72797c733a313a2231223b6c6f676765645f696e7c623a313b),
('eb1e8975051ff1014d949fe227f04e500d54aa98', '::1', 1496523161, 0x5f5f63695f6c6173745f726567656e65726174657c693a313439363532333030353b6b72797c733a313a2231223b6c6f676765645f696e7c623a313b),
('b0a8ba632e4d892bbce9c3d8587e6d120afd8fdb', '::1', 1496558462, 0x5f5f63695f6c6173745f726567656e65726174657c693a313439363535383436323b),
('7ac41034cf04294351f31db1ccdb6f1787aebd04', '::1', 1496559200, 0x5f5f63695f6c6173745f726567656e65726174657c693a313439363535393230303b6b72797c733a313a2231223b6c6f676765645f696e7c623a313b),
('870507b1895ec6ca649515c63b1b814c6c682c0f', '::1', 1496562850, 0x5f5f63695f6c6173745f726567656e65726174657c693a313439363536323738393b6b72797c733a313a2232223b6c6f676765645f696e7c623a313b),
('9c4bb829ab0c5aafd3b77c466310eef14f3bbb6b', '::1', 1496564405, 0x5f5f63695f6c6173745f726567656e65726174657c693a313439363536343430353b6b72797c733a313a2232223b6c6f676765645f696e7c623a313b),
('903918fd850103f2257964011ec08b5f262969d4', '::1', 1496589157, 0x5f5f63695f6c6173745f726567656e65726174657c693a313439363538393132313b6b72797c733a313a2231223b6c6f676765645f696e7c623a313b646f6b7465727c733a353a2247472d3031223b6c6f67646f6b7465727c623a313b),
('3c587a1ef11c7f4fd574a632569e30e0e384c0ce', '::1', 1496591244, 0x5f5f63695f6c6173745f726567656e65726174657c693a313439363539313234343b6b72797c733a313a2231223b6c6f676765645f696e7c623a313b646f6b7465727c733a353a2247472d3031223b6c6f67646f6b7465727c623a313b),
('cb85f307d91f3e6cfdde07a9d40a017acb9e76cd', '::1', 1496591720, 0x5f5f63695f6c6173745f726567656e65726174657c693a313439363539313732303b6b72797c733a313a2231223b6c6f676765645f696e7c623a313b646f6b7465727c733a353a2247472d3031223b6c6f67646f6b7465727c623a313b),
('6469525f6dfae103b965adc10db6aa103f243e9d', '::1', 1496592832, 0x5f5f63695f6c6173745f726567656e65726174657c693a313439363539323833323b6b72797c733a313a2231223b6c6f676765645f696e7c623a313b646f6b7465727c733a353a2247472d3031223b6c6f67646f6b7465727c623a313b),
('4c88fb6c2fc99e3daa22b393fe88003b3b1bf3bb', '::1', 1496593213, 0x5f5f63695f6c6173745f726567656e65726174657c693a313439363539333231333b6b72797c733a313a2231223b6c6f676765645f696e7c623a313b646f6b7465727c733a353a2247472d3031223b6c6f67646f6b7465727c623a313b),
('909b017b0058d9764d19997511c8f4fdc145b4f9', '::1', 1496594873, 0x5f5f63695f6c6173745f726567656e65726174657c693a313439363539343836333b6b72797c733a313a2231223b6c6f676765645f696e7c623a313b646f6b7465727c733a353a2247472d3031223b6c6f67646f6b7465727c623a313b),
('c5097771193b9e3ed3f33c3ce7508dd55469efc3', '::1', 1496596089, 0x5f5f63695f6c6173745f726567656e65726174657c693a313439363539363038393b6b72797c733a313a2231223b6c6f676765645f696e7c623a313b646f6b7465727c733a353a2247472d3031223b6c6f67646f6b7465727c623a313b),
('d08eeec69cab751353a27a61d4f5ba2263c6f480', '::1', 1496597105, 0x5f5f63695f6c6173745f726567656e65726174657c693a313439363539373130353b6b72797c733a313a2231223b6c6f676765645f696e7c623a313b646f6b7465727c733a353a2247472d3031223b6c6f67646f6b7465727c623a313b),
('c5bec98e8bcb14c12c41a19fb907ffc4049f63e8', '::1', 1496597688, 0x5f5f63695f6c6173745f726567656e65726174657c693a313439363539373637393b646f6b7465727c733a353a2247472d3031223b6c6f67646f6b7465727c623a313b),
('101cbbafae855cb0e4d1a474cb4ed0a5996a3e60', '::1', 1496598278, 0x5f5f63695f6c6173745f726567656e65726174657c693a313439363539383237383b646f6b7465727c733a353a2247472d3031223b6c6f67646f6b7465727c623a313b),
('6b513924025bb9dfbbef3d5965b6c2136b64afce', '::1', 1496599114, 0x5f5f63695f6c6173745f726567656e65726174657c693a313439363539393131343b646f6b7465727c733a353a2247472d3031223b6c6f67646f6b7465727c623a313b),
('64855c315594a2293adc235a111fa13feef6603f', '::1', 1496599679, 0x5f5f63695f6c6173745f726567656e65726174657c693a313439363539393637393b646f6b7465727c733a353a2247472d3031223b6c6f67646f6b7465727c623a313b),
('7599a134ad92bbd716d9fb4ccd3eac8531c34ee3', '::1', 1496600571, 0x5f5f63695f6c6173745f726567656e65726174657c693a313439363630303536353b646f6b7465727c733a353a2247472d3031223b6c6f67646f6b7465727c623a313b6b72797c733a313a2231223b6c6f676765645f696e7c623a313b),
('87b37a13803739cffe4f5b01ec7628b980833390', '::1', 1496602179, 0x5f5f63695f6c6173745f726567656e65726174657c693a313439363630323137393b646f6b7465727c733a353a2247472d3031223b6c6f67646f6b7465727c623a313b6b72797c733a313a2231223b6c6f676765645f696e7c623a313b),
('0d3a953aa8ca3094170d649a9a6f8058cf6c4be9', '::1', 1496603763, 0x5f5f63695f6c6173745f726567656e65726174657c693a313439363630333736333b646f6b7465727c733a353a2247472d3031223b6c6f67646f6b7465727c623a313b6b72797c733a313a2231223b6c6f676765645f696e7c623a313b),
('3f9db42388c50ac015ca7bf28b08cf3a2bc75a9c', '::1', 1496604833, 0x5f5f63695f6c6173745f726567656e65726174657c693a313439363630343833333b646f6b7465727c733a353a2247472d3031223b6c6f67646f6b7465727c623a313b6b72797c733a313a2231223b6c6f676765645f696e7c623a313b),
('01cb470c355d7ed8b4aef0015d6562254365ceb6', '::1', 1496605384, 0x5f5f63695f6c6173745f726567656e65726174657c693a313439363630353338343b646f6b7465727c733a353a2247472d3031223b6c6f67646f6b7465727c623a313b6b72797c733a313a2231223b6c6f676765645f696e7c623a313b),
('a7fa55b5fab9df3d9220d8f61fd3ba54d9dbb8f9', '::1', 1496614310, 0x5f5f63695f6c6173745f726567656e65726174657c693a313439363631343239383b6b72797c733a313a2231223b6c6f676765645f696e7c623a313b),
('aed03c3e49f750bf583b547e4c321ff5127153b4', '::1', 1496614847, 0x5f5f63695f6c6173745f726567656e65726174657c693a313439363631343834373b6b72797c733a313a2231223b6c6f676765645f696e7c623a313b),
('c98c9fa14d587dd16f9f89423e362010d3c793f8', '::1', 1496615218, 0x5f5f63695f6c6173745f726567656e65726174657c693a313439363631353231383b6b72797c733a313a2231223b6c6f676765645f696e7c623a313b),
('96dde0f8e18f38a9007d8496c67aad3735817310', '::1', 1496616026, 0x5f5f63695f6c6173745f726567656e65726174657c693a313439363631363030383b6b72797c733a313a2231223b6c6f676765645f696e7c623a313b),
('2fed4470c181aa63a34038bc3d1db512c691f1f6', '::1', 1496617240, 0x5f5f63695f6c6173745f726567656e65726174657c693a313439363631373234303b6b72797c733a313a2231223b6c6f676765645f696e7c623a313b),
('3a0da45554f9615376f16888c2112040fb09b1d5', '::1', 1496618141, 0x5f5f63695f6c6173745f726567656e65726174657c693a313439363631383133313b6b72797c733a313a2231223b6c6f676765645f696e7c623a313b646f6b7465727c733a353a2247472d3031223b6c6f67646f6b7465727c623a313b),
('501fb94937b1df815dea1a849f0b3a2eac8aa978', '::1', 1496637741, 0x5f5f63695f6c6173745f726567656e65726174657c693a313439363633373734313b),
('a7938f1ca7af7af1c0ee7dd85e220e21423a2fcf', '::1', 1496645812, 0x5f5f63695f6c6173745f726567656e65726174657c693a313439363634353831323b),
('c87a17570327f863451abf24e117e18303b57c24', '::1', 1498131271, 0x5f5f63695f6c6173745f726567656e65726174657c693a313439383133313232313b);

-- --------------------------------------------------------

--
-- Table structure for table `daftar_icd`
--
-- Creation: May 23, 2017 at 08:52 AM
--

DROP TABLE IF EXISTS `daftar_icd`;
CREATE TABLE `daftar_icd` (
  `kode_icd` varchar(10) NOT NULL,
  `nama_icd` text NOT NULL,
  `keterangan_icd` text NOT NULL
) ENGINE=InnoDB DEFAULT CHARSET=latin1;

--
-- RELATIONS FOR TABLE `daftar_icd`:
--

--
-- Dumping data for table `daftar_icd`
--

INSERT INTO `daftar_icd` (`kode_icd`, `nama_icd`, `keterangan_icd`) VALUES
('A00', 'Cholera, unspecified', 'Kolera, tidak terspesifikasi'),
('A01', 'Paratyphoid fever, unspecified', 'Demam paratifoid, tidak terspesifikasi'),
('A02', 'Salmonella infection, unspecified', 'Infeksi salmonella, tidak terspesifikasi'),
('A03', 'Shigellosis, unspecified', 'Shigellosis, tidak terspesifikasi'),
('A04', 'Bacterial intestinal infection, unspecified', 'Infeksi bakteri usus, tidak terspesifikasi'),
('A05', 'Bacterial food-borne intoxication, unspecified', 'Intoksikasi (keracunan) bakteri melalui makanan, tidak terspesifikasi'),
('A06', 'Amebiasis, unspecified', 'Amebiasis (amubiasis), tidak terspesifikasi'),
('A07', 'Protozoal intestinal disease, unspecified', 'Penyakit pada usus yang disebabkan oleh protozoa, tidak terspesifikasi'),
('A08', 'Other specified intestinal infections                                          ', ' Infeksi usus spesifik lainnya'),
('A09', 'Diarrhea and gastroenteritis of presumed infectious origin       ', 'Diare dan gastroenteritis yang diduga disebabkan oleh infeksi'),
('A16', 'Respiratory tuberculosis unspecified, without mention of bacte', 'Tuberkulosis pernafasan tidak terspesifikasi'),
('A17', 'Tuberculosis of nervous system, unspecified                            ', 'Tuberkulosis pada sistem saraf'),
('A18', 'Tuberculosis of other specified organs                                      ', 'Tuberkulosis organ-organ spesifik lainnya'),
('A19', 'Miliary tuberculosis, unspecified', 'Tuberkulosis miliar, tidak terspesifikasi'),
('A20', 'Plague, unspecified', 'Pes, tidak terspesifikasi'),
('A21', 'Tularemia, unspecified', 'Tularemia, tidak terspesifikasi'),
('A22', 'Anthrax, unspecified', 'Antraks, tidak terspesifikasi'),
('A23', 'Brucellosis, unspecified', 'Brusellosis, tidak terspesifikasi'),
('A24', 'Melioidosis, unspecified', 'Melioidosis, tidak terspesifikasi'),
('A25', 'Rat-bite fever, unspecified', 'Demam akibat gigitan tikus (rat), tidak terspesifikasi'),
('A26', 'Erysipeloid, unspecified', 'Erisipeloid, tidak terspesifikasi'),
('A27', 'Leptospirosis, unspecified', 'Leptospirosis, tidak terspesifikasi'),
('A28', 'Zoonotic bacterial disease, unspecified', 'Penyakit bakterial yang ditularkan melalui hewan, tidak terspesifikasi'),
('A30', 'Leprosy, unspecified', 'Lepra, tidak terspesifikasi'),
('A31', 'Mycobacterial infection, unspecified', 'Infeksi mikobakter, tidak terspesifikasi'),
('A32', 'Listeriosis, unspecified', 'Listeriosis, tidak terspesifikasi'),
('A33', 'Tetanus neonatorum', 'Tetanus neonatorum'),
('A34', 'Obstetrical tetanus', 'Tetanus yang terkait dengan kebidanan'),
('A35', 'Other tetanus', 'Tetanus lainnya'),
('A36', 'Diphtheria, unspecified', 'Difteria, tidak terspesifikasi'),
('A37', 'Whooping cough, unspecified', 'Batuk rejan, tidak terspesifikasi'),
('A38', 'Scarlet fever', 'Demam skarlet'),
('A39', 'Meningococcal infection, unspecified', 'Infeksi meningokokus, tidak terspesifikasi'),
('A40', 'Streptococcal septicemia, unspecified', 'Septikemi yang disebabkan oleh streptokokus, tidak terspesifikasi'),
('A41', 'Septicemia, unspecified', 'Septikemia, tidak terspesifikasi'),
('A42', 'Actinomycosis, unspecified', 'Aktinomikosis, tidak terspesifikasi'),
('A43', 'Nocardiosis, unspecified', 'Nokardiosis, tidak terspesifikasi'),
('A44', 'Bartonellosis, unspecified', 'Bartonellosis, tidak terspesifikasi'),
('A46', 'Erysipelas', 'Erisipelas'),
('A48', 'Other specified bacterial diseases', 'Penyakit-penyakit yang disebabkan oleh bakteri spesifik lainnya'),
('A49', 'Bacterial infection, unspecified', 'Infeksi yang disebabkan oleh bakteri, tidak terspesifikasi'),
('A50', 'Congenital syphilis, unspecified', 'Sifilis kongenital, tidak terspesifikasi'),
('A51', 'Early syphilis, unspecified', 'Sifilis dini, tidak terspesifikasi'),
('A52', 'Late syphilis, unspecified', 'Sifilis lanjut, tidak terspesifikasi'),
('A53', 'Syphilis, unspecified', 'Sifilis, tidak terspesifikasi'),
('A54', 'Gonococcal infection, unspecified', 'Infeksi gonokokus, tidak terspesifikasi'),
('A55', 'Chlamydial lymphogranuloma (venereum)', 'Limfogranuloma (venereum) yang disebabkan oleh klamidia'),
('A56', 'Sexually transmitted chlamydial infection of other sites', 'Infeksi klamidia pada tempat lain yang ditularkan melalui hubungan seks'),
('A57', 'Chancroid', 'Kankroid'),
('A58', 'Granuloma inguinale', 'Granuloma inguinale'),
('A59', 'Trichomoniasis, unspecified', 'Trikomoniasis, tidak terspesifikasi'),
('A60', 'Anogenital herpes-viral infection, unspecified', 'Infeksi virus herpes pada anogenital, tidak terspesifikasi'),
('A63', 'Other specified predominantly sexually transmitted diseases', 'Penyakit-penyakit spesifik lainnya yang terutama ditularkan melalui hubu'),
('A64', 'Unspecified sexually transmitted disease', 'Penyakit menular seksual tidak terspesifikasi'),
('A65', 'Nonvenereal syphilis', 'Sifilis nonveneral'),
('A66', 'Yaws, unspecified', 'Yaws, tidak terspesifikasi'),
('A67', 'Pinta, unspecified', 'Pinta, tidak terspesifikasi'),
('A68', 'Relapsing fever, unspecified', 'Relapsing fever, tidak terspesifikasi'),
('A69', 'Spirochetal infection, unspecified', 'Infeksi (yang disebabkan oleh spiroket), tidak terspesifikasi'),
('A70', 'Chlamydia psittaci infection', 'Infeksi Chlamydia psittaci'),
('A71', 'Trachoma, unspecified', 'Trakoma, tidak terspesifikasi'),
('A74', 'Chlamydial infection, unspecified', 'Infeksi yang disebabkan oleh klamidia, tidak terspesifikasi'),
('A75', 'Typhus fever, unspecified', 'Demam tifus, tidak terspesifikasi'),
('A77', 'Spotted fever, unspecified', 'Demam bercak, tidak terspesifikasi'),
('A78', 'Q fever', 'Demam Q'),
('A79', 'Rickettsiosis, unspecified', 'Rickettsiosis, tidak terspesifikasi'),
('A80', 'Acute poliomyelitis, unspecified', 'Poliomielitis akut, tidak terspesifikasi'),
('A81', 'Atypical virus infection of central nervous system, unspecified', 'Infeksi virus atypical pada sistem saraf pusat, tidak terspesifikasi'),
('A82', 'Rabies, unspecified', 'Rabies, tidak terspesifikasi'),
('A83', 'Mosquito-borne viral encephalitis, unspecified', 'Ensefalitis virus yang ditularkan melalui nyamuk, tidak terspesifikasi'),
('A84', 'Tick-borne viral encephalitis, unspecified', 'Ensefalitis virus yang ditularkan melalui kutu (tick), tidak terspesifikasi'),
('A85', 'Other specified viral encephalitis', 'Ensefalitis virus spesifik lain'),
('A86', 'Unspecified viral encephalitis', 'Ensefalitis virus tidak terspesifikasi'),
('A87', 'Enteroviral meningitis', 'Meningitis enterovirus'),
('A96', 'Arenaviral hemorrhagic fever, unspecified', 'Demam berdarah yang disebabkan oleh Arenavirus, tidak terspesifikasi'),
('A98', 'Other specified viral hemorrhagic fevers', 'Demam berdarah spesifik lain yang disebabkan oleh virus'),
('A99', 'Unspecified viral hemorrhagic fever', 'Demam berdarah tidak terspesifikasi yang disebabkan oleh virus'),
('kode_icd', 'nama_icd', 'keterangan');

-- --------------------------------------------------------

--
-- Table structure for table `daftar_obat`
--
-- Creation: May 27, 2017 at 04:14 AM
--

DROP TABLE IF EXISTS `daftar_obat`;
CREATE TABLE `daftar_obat` (
  `kode_obat` varchar(10) NOT NULL,
  `nama_obat` text NOT NULL,
  `harga_obat` int(11) NOT NULL,
  `jenis_obat` text NOT NULL
) ENGINE=InnoDB DEFAULT CHARSET=latin1;

--
-- RELATIONS FOR TABLE `daftar_obat`:
--

--
-- Dumping data for table `daftar_obat`
--

INSERT INTO `daftar_obat` (`kode_obat`, `nama_obat`, `harga_obat`, `jenis_obat`) VALUES
('AP-01', 'Cardio Aspirin 100 MG', 2000, 'Tablet'),
('VT-01', 'Vitamin Tab STR 10S', 10000, 'Tablet');

-- --------------------------------------------------------

--
-- Table structure for table `daftar_poli`
--
-- Creation: May 22, 2017 at 03:24 PM
--

DROP TABLE IF EXISTS `daftar_poli`;
CREATE TABLE `daftar_poli` (
  `id_poli` int(11) NOT NULL,
  `nama_poli` text NOT NULL,
  `status_poli` varchar(3) NOT NULL
) ENGINE=InnoDB DEFAULT CHARSET=latin1;

--
-- RELATIONS FOR TABLE `daftar_poli`:
--

--
-- Dumping data for table `daftar_poli`
--

INSERT INTO `daftar_poli` (`id_poli`, `nama_poli`, `status_poli`) VALUES
(1, 'Poli Gigi', 'ON'),
(2, 'Poli Anak', 'ON'),
(3, 'Poli Bersalin', 'ON'),
(4, 'Poli THT', 'ON'),
(5, 'Poli Umum', 'ON'),
(6, 'Poli Bedah', 'ON'),
(7, 'Poli Paru', 'OFF'),
(8, 'Poli Kulit', 'OFF');

-- --------------------------------------------------------

--
-- Table structure for table `dokter`
--
-- Creation: May 22, 2017 at 06:20 AM
--

DROP TABLE IF EXISTS `dokter`;
CREATE TABLE `dokter` (
  `kode_dokter` varchar(5) NOT NULL,
  `password` varchar(50) NOT NULL,
  `nama_dokter` varchar(25) NOT NULL,
  `jk_dokter` varchar(2) NOT NULL,
  `foto_dokter` text NOT NULL,
  `alamat_dokter` text NOT NULL,
  `tlp_dokter` text NOT NULL,
  `keahlian` text NOT NULL,
  `status_kerja` smallint(1) NOT NULL
) ENGINE=InnoDB DEFAULT CHARSET=latin1;

--
-- RELATIONS FOR TABLE `dokter`:
--

--
-- Dumping data for table `dokter`
--

INSERT INTO `dokter` (`kode_dokter`, `password`, `nama_dokter`, `jk_dokter`, `foto_dokter`, `alamat_dokter`, `tlp_dokter`, `keahlian`, `status_kerja`) VALUES
('GG-01', 'e10adc3949ba59abbe56e057f20f883e', 'Agus Fahrurroji', 'L', 'dok_GG-011.jpg', ' Jl. Raya Bekasi, RT.03,RW.03,Rawalumbu,Bekasi', '081542219834', 'Spesialis Gigi', 1),
('GG-02', '202cb962ac59075b964b07152d234b70', 'Anis Sulfuad', 'L', '', 'Jl. Dermaga Raya RT.03 Rw.03, Durensawit, Klender, Jakarta Timur', '081954352323', 'Spesialis Gigi', 1),
('GG-03', '202cb962ac59075b964b07152d234b70', 'Abdul', 'L', '', 'Jakarta', '081234452555', 'Spesialis Gigi', 0);

-- --------------------------------------------------------

--
-- Table structure for table `faktur`
--
-- Creation: May 28, 2017 at 03:18 AM
--

DROP TABLE IF EXISTS `faktur`;
CREATE TABLE `faktur` (
  `id_faktur` int(11) NOT NULL,
  `id_berobat` int(11) NOT NULL,
  `tot_biaya_adm` int(11) NOT NULL,
  `tot_biaya_jasa` int(11) NOT NULL,
  `tot_biaya_obat` int(11) NOT NULL,
  `tot_biaya_lab` int(11) NOT NULL,
  `tot_biaya_radiologi` int(11) NOT NULL
) ENGINE=InnoDB DEFAULT CHARSET=latin1;

--
-- RELATIONS FOR TABLE `faktur`:
--

--
-- Dumping data for table `faktur`
--

INSERT INTO `faktur` (`id_faktur`, `id_berobat`, `tot_biaya_adm`, `tot_biaya_jasa`, `tot_biaya_obat`, `tot_biaya_lab`, `tot_biaya_radiologi`) VALUES
(1, 3, 20000, 150000, 12000, 250000, 300000);

-- --------------------------------------------------------

--
-- Table structure for table `jadwal_praktek`
--
-- Creation: May 25, 2017 at 05:36 PM
--

DROP TABLE IF EXISTS `jadwal_praktek`;
CREATE TABLE `jadwal_praktek` (
  `id_jadwal` int(11) NOT NULL,
  `tgl_jadwal` date NOT NULL,
  `dokter_utama` varchar(5) NOT NULL,
  `status_kehadiran` text NOT NULL,
  `jam_awal` time NOT NULL,
  `jam_akhir` time NOT NULL,
  `nik` varchar(10) NOT NULL,
  `id_poli` int(11) NOT NULL
) ENGINE=InnoDB DEFAULT CHARSET=latin1;

--
-- RELATIONS FOR TABLE `jadwal_praktek`:
--

--
-- Dumping data for table `jadwal_praktek`
--

INSERT INTO `jadwal_praktek` (`id_jadwal`, `tgl_jadwal`, `dokter_utama`, `status_kehadiran`, `jam_awal`, `jam_akhir`, `nik`, `id_poli`) VALUES
(1, '2017-05-27', 'GG-01', 'Hadir', '08:00:00', '12:00:00', '1', 1),
(2, '2017-05-24', 'GG-01', 'Absen', '08:00:00', '12:00:00', '1', 1),
(3, '2017-05-22', 'GG-01', 'Hadir', '08:30:00', '13:00:00', '1210512037', 1),
(4, '2017-05-23', 'GG-02', 'Hadir', '08:30:00', '13:00:00', '1', 1);

-- --------------------------------------------------------

--
-- Table structure for table `karyawan`
--
-- Creation: May 21, 2017 at 02:42 AM
--

DROP TABLE IF EXISTS `karyawan`;
CREATE TABLE `karyawan` (
  `nik` varchar(10) NOT NULL,
  `password` varchar(50) NOT NULL,
  `nama_kry` varchar(25) NOT NULL,
  `jk_kry` varchar(2) NOT NULL,
  `alamat_kry` text NOT NULL,
  `tlp_kry` text NOT NULL,
  `jabatan` text NOT NULL,
  `foto_kry` text NOT NULL,
  `status_kerja` smallint(1) NOT NULL,
  `status_admin` smallint(1) NOT NULL
) ENGINE=InnoDB DEFAULT CHARSET=latin1;

--
-- RELATIONS FOR TABLE `karyawan`:
--

--
-- Dumping data for table `karyawan`
--

INSERT INTO `karyawan` (`nik`, `password`, `nama_kry`, `jk_kry`, `alamat_kry`, `tlp_kry`, `jabatan`, `foto_kry`, `status_kerja`, `status_admin`) VALUES
('1', '202cb962ac59075b964b07152d234b70', 'Budi Subagyo', 'L', ' Jl. Dermaga Raya, RT.05,RW.17,no.30,Klender,Jakarta Timur', '021867222', 'Supervisor', 'kry_12.jpg', 1, 1),
('1210512037', '202cb962ac59075b964b07152d234b70', 'angger', 'L', 'hj ipin', '085814823978', 'Tenaga Medis', '', 1, 2),
('2', '202cb962ac59075b964b07152d234b70', 'Andri winarso', 'L', 'Jl. Raya Bekasi, RT.04 RW.05, Bekasi, Jawa Barat', '081245565656', '', '', 1, 2);

-- --------------------------------------------------------

--
-- Table structure for table `master_biaya`
--
-- Creation: May 27, 2017 at 03:30 PM
--

DROP TABLE IF EXISTS `master_biaya`;
CREATE TABLE `master_biaya` (
  `id_biaya` int(3) NOT NULL,
  `biaya_adm` int(11) NOT NULL,
  `biaya_jasa` int(11) NOT NULL,
  `biaya_lab` int(11) NOT NULL,
  `biaya_radiologi` int(11) NOT NULL
) ENGINE=InnoDB DEFAULT CHARSET=latin1;

--
-- RELATIONS FOR TABLE `master_biaya`:
--

--
-- Dumping data for table `master_biaya`
--

INSERT INTO `master_biaya` (`id_biaya`, `biaya_adm`, `biaya_jasa`, `biaya_lab`, `biaya_radiologi`) VALUES
(1, 20000, 150000, 250000, 300000);

-- --------------------------------------------------------

--
-- Table structure for table `pasien`
--
-- Creation: May 25, 2017 at 04:05 AM
--

DROP TABLE IF EXISTS `pasien`;
CREATE TABLE `pasien` (
  `id_pasien` int(11) NOT NULL,
  `nama_pasien` varchar(25) NOT NULL,
  `ktp_pasien` varchar(20) NOT NULL,
  `jk_pasien` varchar(2) NOT NULL,
  `status_nikah` text NOT NULL,
  `gol_darah` varchar(2) NOT NULL,
  `tempat_lahir_pasien` text NOT NULL,
  `tgl_lahir_pasien` date NOT NULL,
  `agama_pasien` text NOT NULL,
  `tlp_pasien` text NOT NULL,
  `alamat_pasien` text NOT NULL,
  `pekerjaan_pasien` text NOT NULL,
  `nama_ortu` varchar(25) NOT NULL,
  `ktp_ortu` varchar(20) NOT NULL,
  `alamat_ortu` text NOT NULL
) ENGINE=InnoDB DEFAULT CHARSET=latin1;

--
-- RELATIONS FOR TABLE `pasien`:
--

--
-- Dumping data for table `pasien`
--

INSERT INTO `pasien` (`id_pasien`, `nama_pasien`, `ktp_pasien`, `jk_pasien`, `status_nikah`, `gol_darah`, `tempat_lahir_pasien`, `tgl_lahir_pasien`, `agama_pasien`, `tlp_pasien`, `alamat_pasien`, `pekerjaan_pasien`, `nama_ortu`, `ktp_ortu`, `alamat_ortu`) VALUES
(1, 'Budi Hanjar', '3275051801890008', 'L', 'Belum Kawin', 'o', 'Bekasi', '1989-01-18', 'Islam', '081542219835', 'Jl. Cut Mutia RT.03,RW.03,Bekasi,Jawa Barat', 'PNS Guru', '', '', 'Jl. Cut Mutia, RT.03, RW.05,Bekasi,Jawa Barat'),
(2, 'Abdul Sukri', '3275051801890009', 'L', 'Belum Kawin', 'B', 'Bekasi', '1989-12-25', 'Islam', '081542213598', 'Jl. Revolusi RT.03,RW.03,Bekasi,Jawa Barat', 'Wiraswasta', '', '', '');

-- --------------------------------------------------------

--
-- Table structure for table `resep_obat`
--
-- Creation: May 27, 2017 at 06:42 AM
--

DROP TABLE IF EXISTS `resep_obat`;
CREATE TABLE `resep_obat` (
  `id_resep` int(11) NOT NULL,
  `kode_obat` varchar(10) NOT NULL,
  `id_berobat` int(11) NOT NULL,
  `qty` int(3) NOT NULL,
  `dosis` text NOT NULL
) ENGINE=InnoDB DEFAULT CHARSET=latin1;

--
-- RELATIONS FOR TABLE `resep_obat`:
--

--
-- Dumping data for table `resep_obat`
--

INSERT INTO `resep_obat` (`id_resep`, `kode_obat`, `id_berobat`, `qty`, `dosis`) VALUES
(3, 'AP-01', 3, 1, '3x1 sebelum makan'),
(4, 'VT-01', 3, 1, '3x1 sebelum makan'),
(5, 'AP-01', 2, 1, '3x1 sebelum makan'),
(6, 'VT-01', 1, 1, '3x1 sebelum makan');

-- --------------------------------------------------------

--
-- Table structure for table `riwayat_berobat`
--
-- Creation: May 27, 2017 at 08:16 PM
--

DROP TABLE IF EXISTS `riwayat_berobat`;
CREATE TABLE `riwayat_berobat` (
  `id_berobat` int(11) NOT NULL,
  `id_pasien` int(11) NOT NULL,
  `kode_dokter` varchar(5) NOT NULL,
  `id_poli` int(11) NOT NULL,
  `tgl_berobat` datetime NOT NULL,
  `status_rujukan` text NOT NULL,
  `rs_asal` text NOT NULL,
  `status_berobat` smallint(1) NOT NULL,
  `ket_medis` text NOT NULL,
  `asuransi` text NOT NULL,
  `no_asuransi` text NOT NULL,
  `penggunaan_lab` int(1) NOT NULL,
  `penggunaan_radiologi` int(1) NOT NULL
) ENGINE=InnoDB DEFAULT CHARSET=latin1;

--
-- RELATIONS FOR TABLE `riwayat_berobat`:
--

--
-- Dumping data for table `riwayat_berobat`
--

INSERT INTO `riwayat_berobat` (`id_berobat`, `id_pasien`, `kode_dokter`, `id_poli`, `tgl_berobat`, `status_rujukan`, `rs_asal`, `status_berobat`, `ket_medis`, `asuransi`, `no_asuransi`, `penggunaan_lab`, `penggunaan_radiologi`) VALUES
(1, 1, 'GG-01', 1, '2017-05-19 09:30:00', 'Non Rujukan', '-', 1, '', '-', '-', 0, 0),
(2, 2, 'GG-02', 2, '2017-05-27 09:47:00', 'Non Rujukan', '-', 1, '', '-', '-', 0, 0),
(3, 1, 'GG-01', 1, '2017-05-28 09:30:00', 'Non Rujukan', '-', 1, 'test', '-', '-', 1, 1);

-- --------------------------------------------------------

--
-- Table structure for table `riwayat_medis`
--
-- Creation: May 26, 2017 at 06:16 AM
--

DROP TABLE IF EXISTS `riwayat_medis`;
CREATE TABLE `riwayat_medis` (
  `id_medis` int(11) NOT NULL,
  `id_berobat` int(11) NOT NULL,
  `kode_icd` varchar(10) NOT NULL
) ENGINE=InnoDB DEFAULT CHARSET=latin1;

--
-- RELATIONS FOR TABLE `riwayat_medis`:
--

--
-- Dumping data for table `riwayat_medis`
--

INSERT INTO `riwayat_medis` (`id_medis`, `id_berobat`, `kode_icd`) VALUES
(1, 1, 'A09'),
(2, 2, 'A08'),
(5, 3, 'A00'),
(6, 3, 'A01');

--
-- Indexes for dumped tables
--

--
-- Indexes for table `ci_sessions`
--
ALTER TABLE `ci_sessions`
  ADD PRIMARY KEY (`timestamp`);

--
-- Indexes for table `daftar_icd`
--
ALTER TABLE `daftar_icd`
  ADD PRIMARY KEY (`kode_icd`);

--
-- Indexes for table `daftar_obat`
--
ALTER TABLE `daftar_obat`
  ADD PRIMARY KEY (`kode_obat`);

--
-- Indexes for table `daftar_poli`
--
ALTER TABLE `daftar_poli`
  ADD PRIMARY KEY (`id_poli`);

--
-- Indexes for table `dokter`
--
ALTER TABLE `dokter`
  ADD PRIMARY KEY (`kode_dokter`);

--
-- Indexes for table `faktur`
--
ALTER TABLE `faktur`
  ADD PRIMARY KEY (`id_faktur`);

--
-- Indexes for table `jadwal_praktek`
--
ALTER TABLE `jadwal_praktek`
  ADD PRIMARY KEY (`id_jadwal`);

--
-- Indexes for table `karyawan`
--
ALTER TABLE `karyawan`
  ADD PRIMARY KEY (`nik`);

--
-- Indexes for table `master_biaya`
--
ALTER TABLE `master_biaya`
  ADD PRIMARY KEY (`id_biaya`);

--
-- Indexes for table `pasien`
--
ALTER TABLE `pasien`
  ADD PRIMARY KEY (`id_pasien`);

--
-- Indexes for table `resep_obat`
--
ALTER TABLE `resep_obat`
  ADD PRIMARY KEY (`id_resep`);

--
-- Indexes for table `riwayat_berobat`
--
ALTER TABLE `riwayat_berobat`
  ADD PRIMARY KEY (`id_berobat`);

--
-- Indexes for table `riwayat_medis`
--
ALTER TABLE `riwayat_medis`
  ADD PRIMARY KEY (`id_medis`);

--
-- AUTO_INCREMENT for dumped tables
--

--
-- AUTO_INCREMENT for table `daftar_poli`
--
ALTER TABLE `daftar_poli`
  MODIFY `id_poli` int(11) NOT NULL AUTO_INCREMENT, AUTO_INCREMENT=9;
--
-- AUTO_INCREMENT for table `faktur`
--
ALTER TABLE `faktur`
  MODIFY `id_faktur` int(11) NOT NULL AUTO_INCREMENT, AUTO_INCREMENT=2;
--
-- AUTO_INCREMENT for table `jadwal_praktek`
--
ALTER TABLE `jadwal_praktek`
  MODIFY `id_jadwal` int(11) NOT NULL AUTO_INCREMENT, AUTO_INCREMENT=5;
--
-- AUTO_INCREMENT for table `master_biaya`
--
ALTER TABLE `master_biaya`
  MODIFY `id_biaya` int(3) NOT NULL AUTO_INCREMENT, AUTO_INCREMENT=2;
--
-- AUTO_INCREMENT for table `pasien`
--
ALTER TABLE `pasien`
  MODIFY `id_pasien` int(11) NOT NULL AUTO_INCREMENT, AUTO_INCREMENT=3;
--
-- AUTO_INCREMENT for table `resep_obat`
--
ALTER TABLE `resep_obat`
  MODIFY `id_resep` int(11) NOT NULL AUTO_INCREMENT, AUTO_INCREMENT=7;
--
-- AUTO_INCREMENT for table `riwayat_berobat`
--
ALTER TABLE `riwayat_berobat`
  MODIFY `id_berobat` int(11) NOT NULL AUTO_INCREMENT, AUTO_INCREMENT=4;
--
-- AUTO_INCREMENT for table `riwayat_medis`
--
ALTER TABLE `riwayat_medis`
  MODIFY `id_medis` int(11) NOT NULL AUTO_INCREMENT, AUTO_INCREMENT=7;
/*!40101 SET CHARACTER_SET_CLIENT=@OLD_CHARACTER_SET_CLIENT */;
/*!40101 SET CHARACTER_SET_RESULTS=@OLD_CHARACTER_SET_RESULTS */;
/*!40101 SET COLLATION_CONNECTION=@OLD_COLLATION_CONNECTION */;
